{
    "camera": {
        "c2w_matrix": [
            [
                0.9979382125888844,
                0.0022479228657895887,
                -0.06414258100273254,
                0.12277863283798704
            ],
            [
                -0.0641819589518943,
                0.03495200463428061,
                -0.9973259414640443,
                -0.2070760205764778
            ],
            [
                6.245004513516506e-17,
                0.9993864638941405,
                0.035024217124231524,
                -0.11072717840562077
            ]
        ],
        "render_resolution": 2064,
        "fov_radians": 1.3089969389957472
    }
}